﻿<?xml version="1.0" encoding="UTF-8" standalone="yes"?>
<addon id="repository.metallic" version="1.0.0" name="Metallic repository" provider-name="Metallic">
	<extension point="xbmc.addon.repository" name="Metallic repository">
		<info compressed="false">https://github.com/metallic-repo/repository.metallic/raw/master/addons.xml</info>
		<checksum>https://github.com/metallic-repo/repository.metallic/raw/master/addons.xml.md5</checksum>
		<datadir zip="true">https://github.com/metallic-repo/repository.metallic/raw/master/</datadir>
	</extension>
	<extension point="xbmc.addon.metadata">
		<summary lang="en">Metallic repository</summary>
		<description lang="en">Metallic repository</description>
		<platform>all</platform>
	</extension>
</addon>