﻿<?xml version="1.0" encoding="UTF-8" standalone="yes"?>
<addon id="plugin.video.metallic" name="[B]Metallic[/B]" version="1.1.1" provider-name="Metallic, forked from Meta-video">
	<requires>
		<import addon="xbmc.python" version="2.19.0"/>
		<import addon="script.module.requests"/>
		<import addon="script.module.futures" version="2.2.0"/>
	</requires>
	<extension point="xbmc.python.pluginsource" library="addon.py">
		<provides>video audio</provides>
	</extension>
	<extension point="xbmc.service" library="service.py" start="[login|startup]">
	</extension>
	<extension point="kodi.context.item" library="context_playable.py">
		<provides>executable</provides>	
		<item>
			<label>$ADDON[plugin.video.metallic 30602]</label>
			<visible>!System.HasAddon(context.metallic) + [StringCompare(ListItem.dbtype,movie) | StringCompare(ListItem.dbtype,episode)] + SubString(ListItem.FileNameAndPath, plugin.video.metallic)</visible>
		</item>
	</extension>
	<extension point="kodi.context.item" library="context_tvshow.py">
		<provides>executable</provides>	
		<item>
			<label>$ADDON[plugin.video.metallic 30622]</label>
			<visible>StringCompare(ListItem.dbtype,tvshow) + SubString(ListItem.Path, plugin.video.metallic)</visible>
		</item>
	</extension>
	<extension point="kodi.context.item" library="context_live.py">
		<provides>executable</provides>	
		<item>
			<label>$ADDON[plugin.video.metallic 30622]</label>
			<visible>[SubString(ListItem.FileNameAndPath, plugin.video.metallic\\Live) | SubString(ListItem.FileNameAndPath, plugin.video.metallic/Live)]</visible>
		</item>
	</extension>
	<extension point="xbmc.addon.metadata">
		<platform>all</platform>
		<language></language>
		<summary lang="en">TMDb, TVDb, Trakt, AudioDb and LastFM browser</summary>
		<description lang="en">This is a mod of the Metalliq addon. Metallic supports more players including support for the Exodus addon.</description>
		<supportedcontent>
			<content>movies</content>
			<content>tvshows</content>
			<content>episodes</content>
			<content>musicvideos</content>
			<content>music</content>
			<content>livetv</content>
		</supportedcontent>
		<genre>movies,tv,music,livetv</genre>
	</extension>
</addon>
